Objectives,Problems,IGD_mean,IGD_std,Sparsity_mean,Sparsity_std
2,2,3.5009690126138935,0.5123923439663882,27.75,12.270391191808027
